SHG_Name,Date_of_Establishment,Number_of_Members,Sector,Annual_Revenue,Annual_Profit,Expenses,Loan_Amount,Loan_Repayment_Status,Projects_Completed,Success_Rate,Geographical_Area,Market_Reach,Training_Programs_Attended,Community_Impact,Awards_Recognitions,Economic_Conditions,Government_Support,Market_Trends,Credit_Score
SHG_0,2000-01-31,48,Services,33930,4564,42650,14933,Pending,1,0.8153502355793925,Rural,Regional,0,Medium,None,Poor,High,Downward,2
SHG_1,2000-02-29,38,Services,10077,2389,11012,10473,Default,10,0.7748031342653783,Rural,Regional,8,Low,Local,Good,Low,Upward,2
SHG_2,2000-03-31,24,Handicrafts,30611,12593,12151,19033,Pending,15,0.8448894246240606,Rural,Local,5,High,None,Average,Low,Downward,4
SHG_3,2000-04-30,17,Services,26984,8274,33211,10805,Pending,11,0.5719709567861154,Rural,National,1,High,None,Poor,High,Upward,2
SHG_4,2000-05-31,30,Agriculture,24060,18208,32117,3083,Paid,13,0.797679830629302,Rural,National,4,Low,Local,Average,Medium,Upward,3
SHG_5,2000-06-30,48,Agriculture,92985,19649,41378,17421,Paid,5,0.5860553014113888,Urban,Regional,3,Low,National,Poor,Medium,Upward,7
SHG_6,2000-07-31,28,Services,94056,18320,47652,13944,Paid,1,0.9627611039259405,Rural,Local,6,High,National,Poor,Low,Stable,7
SHG_7,2000-08-31,32,Agriculture,53303,11745,11894,19873,Paid,12,0.5341670524228022,Rural,National,7,Low,National,Good,High,Downward,5
SHG_8,2000-09-30,20,Services,69207,15199,18467,7604,Paid,11,0.7151873748453966,Rural,Regional,0,High,Local,Poor,Medium,Stable,7
SHG_9,2000-10-31,20,Agriculture,85046,16876,36010,15379,Paid,17,0.8478987388277224,Rural,National,4,Medium,National,Average,High,Downward,7
SHG_10,2000-11-30,33,Agriculture,39287,19180,47641,19018,Paid,4,0.7290111058341293,Urban,National,2,High,None,Good,Medium,Downward,3
SHG_11,2000-12-31,45,Services,49711,9245,17289,3983,Default,15,0.5460476266164511,Urban,Local,0,Medium,National,Average,High,Downward,5
SHG_12,2001-01-31,49,Agriculture,21954,8214,49976,1778,Default,9,0.7766895080633537,Urban,Local,2,Low,Local,Poor,Low,Stable,1
SHG_13,2001-02-28,33,Services,83340,1726,48596,5110,Default,19,0.8208159544136773,Urban,National,5,Low,National,Average,High,Downward,6
SHG_14,2001-03-31,12,Agriculture,82101,14832,28171,12087,Default,19,0.8518961554952538,Urban,Regional,6,Medium,None,Average,Medium,Stable,7
SHG_15,2001-04-30,31,Agriculture,81520,12362,39905,17508,Paid,12,0.6866299072313795,Urban,Local,7,Low,Local,Poor,Low,Upward,6
SHG_16,2001-05-31,11,Handicrafts,97062,19297,25829,17081,Default,5,0.7818299855143811,Rural,National,3,Medium,National,Good,High,Downward,8
SHG_17,2001-06-30,33,Handicrafts,28574,11106,39054,2179,Paid,10,0.7253432374694566,Urban,Local,2,Low,Local,Average,Medium,Downward,3
SHG_18,2001-07-31,39,Services,19184,8657,49139,9596,Default,17,0.8360280193761267,Urban,Local,4,High,Local,Poor,Low,Upward,1
SHG_19,2001-08-31,47,Handicrafts,29096,19850,34734,5251,Pending,5,0.7917784836624093,Rural,Local,8,Low,Local,Good,High,Upward,3
SHG_20,2001-09-30,11,Services,77728,15551,12052,9235,Default,16,0.7628781097795674,Urban,National,5,High,National,Good,Medium,Downward,8
SHG_21,2001-10-31,30,Handicrafts,44016,8906,8654,18313,Default,7,0.6247621834191244,Rural,Regional,8,High,Local,Good,High,Upward,5
SHG_22,2001-11-30,42,Agriculture,21246,8287,28486,14871,Paid,9,0.501009258874117,Rural,Regional,5,Medium,National,Average,High,Stable,2
SHG_23,2001-12-31,21,Services,55558,1892,23743,1013,Default,3,0.5870408376557146,Urban,Regional,1,Low,None,Average,Low,Stable,5
SHG_24,2002-01-31,31,Services,28381,11222,29489,16610,Pending,15,0.5585330207120843,Rural,Local,4,Medium,National,Average,Low,Downward,3
SHG_25,2002-02-28,34,Agriculture,46455,5675,13636,1828,Paid,16,0.7245423725054734,Urban,National,8,Low,None,Good,Medium,Stable,5
SHG_26,2002-03-31,36,Services,14018,2933,11441,7909,Paid,18,0.8061290753809223,Urban,Local,7,High,National,Average,Low,Stable,2
SHG_27,2002-04-30,37,Services,21302,18764,29611,5588,Default,14,0.6065425043424041,Rural,Regional,6,High,Local,Poor,Medium,Downward,3
SHG_28,2002-05-31,25,Handicrafts,77506,12873,47435,13109,Paid,3,0.9695285479835936,Rural,Regional,0,Low,National,Average,High,Upward,6
SHG_29,2002-06-30,24,Services,51157,18674,17149,2023,Paid,12,0.5033410646119438,Urban,National,3,Low,Local,Average,High,Downward,6
SHG_30,2002-07-31,12,Agriculture,64917,19024,39566,14537,Paid,9,0.8861505075826714,Rural,Local,6,Medium,None,Good,Medium,Stable,5
SHG_31,2002-08-31,46,Handicrafts,93122,14239,47368,5891,Paid,7,0.8126023847652211,Rural,Regional,6,Low,National,Average,High,Downward,7
SHG_32,2002-09-30,16,Handicrafts,34519,11874,26675,1080,Paid,9,0.686777400523841,Urban,National,5,Low,Local,Poor,Low,Downward,4
SHG_33,2002-10-31,30,Agriculture,97487,18602,10495,5036,Paid,13,0.525244472206204,Urban,Local,7,Low,None,Good,High,Stable,10
SHG_34,2002-11-30,18,Agriculture,66819,6016,47668,15379,Pending,18,0.8137432858921396,Rural,Local,5,Medium,None,Poor,Low,Stable,4
SHG_35,2002-12-31,48,Handicrafts,90910,14774,18673,10822,Default,5,0.692806756432824,Urban,Regional,9,Low,National,Good,Medium,Downward,8
SHG_36,2003-01-31,27,Services,81324,10752,16130,2563,Pending,13,0.9681335697066096,Urban,Regional,2,High,None,Good,Medium,Stable,8
SHG_37,2003-02-28,13,Handicrafts,15408,18338,27668,3292,Paid,4,0.770995037444883,Urban,Local,3,Medium,Local,Average,High,Stable,3
SHG_38,2003-03-31,34,Agriculture,69379,16585,20222,3586,Paid,2,0.9698257556467541,Urban,Local,2,Medium,None,Poor,High,Stable,7
SHG_39,2003-04-30,23,Handicrafts,35053,8291,28669,16087,Default,16,0.610241846736652,Urban,Regional,0,High,None,Good,Low,Stable,3
SHG_40,2003-05-31,18,Agriculture,19446,1974,39068,16100,Pending,9,0.8628629551820517,Urban,Local,9,High,Local,Average,Low,Stable,1
SHG_41,2003-06-30,35,Handicrafts,10922,5133,28253,6643,Default,9,0.8086245104243628,Urban,Regional,4,High,None,Good,High,Stable,1
SHG_42,2003-07-31,11,Services,61356,15663,14435,3959,Pending,6,0.8697041149156559,Rural,Local,0,Low,None,Good,High,Upward,6
SHG_43,2003-08-31,29,Handicrafts,20789,4972,33552,11005,Paid,11,0.6073339319862684,Urban,Regional,0,High,None,Good,Medium,Downward,2
SHG_44,2003-09-30,37,Handicrafts,76656,6295,42384,10775,Default,1,0.8324972581188869,Rural,National,1,Low,None,Good,Medium,Stable,6
SHG_45,2003-10-31,16,Agriculture,54028,14913,21393,161,Default,4,0.7490201965284344,Rural,Regional,3,Medium,Local,Good,Medium,Downward,6
SHG_46,2003-11-30,17,Agriculture,74484,10105,15617,16029,Paid,13,0.8714124874531581,Rural,Regional,5,Medium,None,Good,High,Upward,7
SHG_47,2003-12-31,44,Agriculture,42154,9228,43520,16977,Default,13,0.6635223220759089,Urban,National,7,High,Local,Average,High,Stable,3
SHG_48,2004-01-31,23,Handicrafts,92870,10903,14852,14226,Pending,13,0.9450285127326263,Urban,Local,2,Low,None,Good,High,Downward,8
SHG_49,2004-02-29,26,Services,12336,4020,36401,11154,Pending,2,0.5421506573056751,Rural,National,0,High,None,Poor,Medium,Stable,1
SHG_50,2004-03-31,45,Agriculture,77779,9987,11295,12080,Pending,9,0.903594659395594,Urban,Regional,2,High,None,Average,High,Stable,7
SHG_51,2004-04-30,49,Agriculture,29029,13880,40993,3390,Pending,8,0.9306598129075454,Rural,Local,2,Low,None,Poor,Low,Stable,3
SHG_52,2004-05-31,13,Handicrafts,69201,6233,39084,5997,Paid,7,0.9086261556834105,Urban,National,4,High,Local,Good,High,Stable,5
SHG_53,2004-06-30,11,Agriculture,42265,10516,44575,12693,Default,4,0.756363197130888,Urban,Local,3,Medium,Local,Poor,High,Stable,3
SHG_54,2004-07-31,15,Services,53872,15559,41451,17047,Pending,18,0.7191924900153807,Rural,Local,3,High,Local,Good,High,Stable,4
SHG_55,2004-08-31,13,Services,56197,17701,12227,9324,Paid,3,0.9981311432624385,Rural,National,8,Low,National,Good,High,Stable,6
SHG_56,2004-09-30,38,Agriculture,65180,3396,36910,541,Default,6,0.6145859756070811,Rural,Local,6,Low,None,Average,High,Upward,5
SHG_57,2004-10-31,27,Agriculture,33710,19546,41041,5093,Default,12,0.7734379829380222,Urban,National,3,Medium,None,Average,Low,Upward,3
SHG_58,2004-11-30,35,Handicrafts,39486,2591,28384,13428,Paid,12,0.8353377626911628,Rural,Regional,2,Low,Local,Good,Low,Stable,3
SHG_59,2004-12-31,43,Services,81907,12303,5145,11166,Paid,8,0.850433817930716,Urban,Local,5,Low,National,Average,High,Stable,8
SHG_60,2005-01-31,19,Services,81895,7183,42778,17251,Pending,1,0.6020123328692893,Urban,Regional,2,Medium,None,Poor,Medium,Upward,6
SHG_61,2005-02-28,45,Agriculture,74435,2312,21035,16063,Default,4,0.8269970461699006,Urban,Regional,5,High,Local,Average,High,Upward,6
SHG_62,2005-03-31,23,Handicrafts,50631,8314,8040,10258,Default,11,0.9091847832406686,Rural,Local,8,Medium,None,Average,High,Upward,5
SHG_63,2005-04-30,40,Services,30103,19767,47422,16044,Paid,3,0.5250092884105562,Rural,National,5,High,None,Poor,High,Stable,2
SHG_64,2005-05-31,24,Services,74772,3139,31160,5469,Default,13,0.9557606466626583,Rural,Local,3,Medium,Local,Average,Medium,Downward,6
SHG_65,2005-06-30,17,Handicrafts,24382,15688,22633,6256,Pending,17,0.514752027572603,Urban,Regional,4,High,Local,Good,Medium,Downward,3
SHG_66,2005-07-31,23,Handicrafts,94291,19088,34344,10720,Default,10,0.6779855162441972,Urban,Regional,5,Medium,None,Poor,Medium,Downward,8
SHG_67,2005-08-31,32,Services,13756,7924,22014,1169,Paid,12,0.507906598116481,Rural,National,2,High,None,Good,Low,Downward,2
SHG_68,2005-09-30,49,Services,30609,1362,19996,830,Paid,15,0.5385725842697909,Urban,Local,7,Medium,Local,Poor,Medium,Stable,3
SHG_69,2005-10-31,30,Handicrafts,26478,19988,46621,1651,Pending,10,0.9555841425900395,Urban,Regional,3,High,None,Good,Low,Downward,3
SHG_70,2005-11-30,25,Services,49666,14481,16695,17520,Pending,14,0.6774304153730739,Rural,Regional,7,Medium,None,Good,Low,Upward,5
SHG_71,2005-12-31,27,Agriculture,85683,4738,7852,19194,Default,13,0.7123857652125265,Rural,Regional,9,Low,Local,Average,Medium,Upward,8
SHG_72,2006-01-31,33,Agriculture,81315,3469,21014,9518,Default,5,0.6076721906912763,Rural,National,9,High,None,Good,Medium,Downward,7
SHG_73,2006-02-28,35,Handicrafts,87834,17106,32042,13258,Paid,6,0.7985478850933598,Urban,Regional,2,Medium,None,Average,Medium,Upward,7
SHG_74,2006-03-31,34,Handicrafts,24153,17940,38755,16184,Pending,2,0.7974016073388948,Urban,Regional,9,High,National,Poor,Low,Stable,2
SHG_75,2006-04-30,38,Handicrafts,86325,10017,45390,1019,Pending,17,0.6861001959126096,Urban,Local,6,High,Local,Good,High,Downward,7
SHG_76,2006-05-31,24,Agriculture,22999,3808,28711,10028,Pending,4,0.6665174359026992,Urban,Local,8,Medium,National,Good,Medium,Downward,2
SHG_77,2006-06-30,10,Services,65318,17370,31122,12448,Default,14,0.9424821540902939,Urban,Regional,3,High,National,Poor,Medium,Stable,6
SHG_78,2006-07-31,34,Agriculture,10814,15870,14160,12485,Pending,10,0.6916421198211007,Rural,Regional,7,Medium,National,Poor,Medium,Upward,2
SHG_79,2006-08-31,16,Services,86077,13713,32213,1283,Paid,3,0.7467504960772041,Urban,Local,2,Low,None,Good,Low,Stable,7
SHG_80,2006-09-30,18,Agriculture,12443,8561,44420,17043,Paid,3,0.6416523812124653,Urban,National,6,High,None,Poor,Low,Stable,1
SHG_81,2006-10-31,33,Services,85993,3719,12421,18394,Default,15,0.8933847516785637,Urban,National,2,Low,National,Average,High,Upward,7
SHG_82,2006-11-30,10,Agriculture,85916,12700,26400,1733,Default,6,0.6987240784495459,Rural,National,6,High,National,Poor,Medium,Stable,8
SHG_83,2006-12-31,17,Handicrafts,83319,4741,38537,18509,Pending,17,0.7568055232721622,Rural,National,9,High,National,Poor,Low,Upward,6
SHG_84,2007-01-31,33,Agriculture,27368,10766,22727,18555,Default,12,0.6266785850298306,Rural,National,9,High,None,Good,High,Upward,3
SHG_85,2007-02-28,20,Services,25328,4998,9358,16230,Paid,11,0.993829796170626,Urban,National,5,Medium,National,Average,Medium,Stable,3
SHG_86,2007-03-31,26,Agriculture,66942,19787,33482,14472,Pending,4,0.6457478704618614,Rural,National,1,Low,National,Poor,Low,Upward,6
SHG_87,2007-04-30,17,Agriculture,37306,17077,37117,12889,Paid,6,0.8853712654527759,Rural,National,2,High,Local,Average,Medium,Stable,3
SHG_88,2007-05-31,44,Agriculture,95451,1294,28164,3471,Pending,1,0.7137478251783795,Rural,Local,5,Medium,Local,Average,Medium,Upward,8
SHG_89,2007-06-30,44,Handicrafts,49915,11177,36910,9028,Default,16,0.6031087025420699,Urban,National,3,High,None,Average,Low,Downward,4
SHG_90,2007-07-31,42,Agriculture,47219,10882,37496,8329,Pending,15,0.8998593819824305,Rural,National,5,Medium,Local,Good,Low,Upward,4
SHG_91,2007-08-31,14,Handicrafts,90879,2136,49311,2097,Pending,17,0.6668033945145215,Urban,National,0,High,Local,Poor,Low,Upward,6
SHG_92,2007-09-30,48,Handicrafts,74644,3064,34371,14082,Paid,8,0.9325966736989055,Urban,Regional,9,Low,Local,Good,Medium,Stable,6
SHG_93,2007-10-31,37,Agriculture,70279,8009,43467,13930,Paid,12,0.9576285924589115,Rural,Local,0,Low,None,Poor,Medium,Upward,5
SHG_94,2007-11-30,16,Agriculture,63028,13987,22625,10077,Pending,10,0.929911917695638,Urban,Local,2,High,Local,Poor,High,Downward,6
SHG_95,2007-12-31,18,Agriculture,10126,5543,38893,6397,Default,15,0.5175039574034028,Rural,Local,7,Medium,None,Good,Medium,Downward,1
SHG_96,2008-01-31,17,Services,62329,2007,15793,2757,Default,9,0.8936866725025527,Urban,National,7,High,National,Average,Low,Upward,6
SHG_97,2008-02-29,21,Agriculture,37632,6445,36007,18284,Paid,2,0.7056697332495719,Rural,National,3,Medium,Local,Average,Medium,Upward,3
SHG_98,2008-03-31,43,Handicrafts,75310,11706,30766,18994,Default,5,0.9368614600911125,Rural,Regional,5,High,None,Poor,High,Downward,6
SHG_99,2008-04-30,42,Agriculture,65176,15749,44532,17833,Paid,6,0.8189771313423694,Rural,Local,7,Medium,Local,Good,High,Stable,5
SHG_100,2008-05-31,32,Services,96066,12718,17323,5017,Default,7,0.9168215670719793,Urban,National,6,Low,National,Average,Low,Downward,9
SHG_101,2008-06-30,33,Agriculture,54327,10439,12843,16370,Pending,1,0.7497158849334177,Rural,Local,6,High,None,Average,Low,Downward,5
SHG_102,2008-07-31,46,Services,78904,14281,19210,7999,Paid,7,0.7675127522994665,Urban,Regional,3,Low,None,Poor,High,Upward,7
SHG_103,2008-08-31,44,Services,13797,2435,21456,10195,Paid,12,0.5721938160668336,Rural,Regional,8,Low,None,Poor,High,Upward,2
SHG_104,2008-09-30,49,Agriculture,57882,1571,36367,2096,Pending,16,0.8919936793446777,Urban,Regional,9,High,National,Good,High,Downward,4
SHG_105,2008-10-31,31,Handicrafts,23718,3382,15106,15433,Paid,16,0.7096948058334858,Urban,Local,5,High,National,Poor,Low,Stable,3
SHG_106,2008-11-30,36,Services,44560,6084,42957,10595,Default,11,0.7500400591357913,Rural,National,2,Medium,National,Average,High,Downward,3
SHG_107,2008-12-31,44,Agriculture,86589,17661,7472,15941,Default,4,0.8925488570478538,Rural,National,4,Medium,None,Average,High,Downward,9
SHG_108,2009-01-31,10,Agriculture,32116,14507,11704,19715,Paid,13,0.7994227000397195,Rural,Regional,4,Low,National,Average,Low,Stable,4
SHG_109,2009-02-28,44,Handicrafts,46244,8059,8713,15078,Default,7,0.6005493637213337,Rural,National,4,Medium,Local,Average,Medium,Downward,5
SHG_110,2009-03-31,46,Services,11645,19271,10051,5105,Paid,4,0.7951163295754464,Rural,Regional,7,Medium,National,Good,Medium,Downward,3
SHG_111,2009-04-30,23,Services,57523,13771,15756,19362,Pending,15,0.7038164289898279,Urban,Local,8,High,None,Good,High,Upward,6
SHG_112,2009-05-31,12,Agriculture,29256,18649,7475,2839,Paid,19,0.7347627710219313,Rural,Regional,8,Medium,Local,Poor,Medium,Stable,5
SHG_113,2009-06-30,10,Agriculture,63173,8491,41378,3384,Pending,9,0.5141556372013338,Rural,Local,5,Low,National,Poor,Medium,Upward,5
SHG_114,2009-07-31,14,Handicrafts,47430,15527,9255,10851,Default,11,0.6050146747581409,Urban,Regional,5,Medium,Local,Poor,Medium,Upward,6
SHG_115,2009-08-31,35,Handicrafts,49282,18424,19484,10053,Pending,8,0.6405190406905141,Rural,National,8,Low,Local,Good,Medium,Stable,5
SHG_116,2009-09-30,23,Services,73374,15859,39503,13493,Default,1,0.8564800039294029,Rural,National,3,High,None,Average,High,Stable,6
SHG_117,2009-10-31,48,Services,78244,9073,13258,17069,Paid,8,0.5057462366490577,Urban,Regional,5,Low,Local,Poor,Medium,Downward,7
SHG_118,2009-11-30,36,Agriculture,21694,10077,45747,14139,Default,13,0.704388630614566,Rural,National,3,Medium,Local,Average,Medium,Upward,1
SHG_119,2009-12-31,18,Services,66264,12383,40196,7531,Paid,4,0.9620134352128664,Rural,National,0,High,None,Poor,Low,Stable,5
SHG_120,2010-01-31,24,Handicrafts,85060,17378,45194,4283,Paid,8,0.555940308274562,Rural,National,6,Medium,None,Poor,High,Upward,7
SHG_121,2010-02-28,24,Handicrafts,67545,3353,13533,7736,Pending,3,0.7582121941093055,Urban,Local,9,High,None,Poor,Low,Upward,6
SHG_122,2010-03-31,35,Agriculture,49224,5799,37581,7710,Pending,9,0.8932611911954236,Rural,National,5,High,Local,Poor,Low,Stable,4
SHG_123,2010-04-30,22,Handicrafts,23224,18070,10249,1619,Pending,2,0.9712656537600584,Urban,Local,8,Medium,Local,Poor,High,Downward,4
SHG_124,2010-05-31,41,Handicrafts,50738,12939,24201,13975,Pending,2,0.873388319766859,Rural,Regional,6,Medium,Local,Average,Medium,Upward,5
SHG_125,2010-06-30,48,Handicrafts,35150,3428,14686,12835,Default,13,0.860282774322203,Urban,National,6,High,None,Poor,Low,Stable,4
SHG_126,2010-07-31,41,Handicrafts,73731,12296,37007,15261,Default,15,0.9132440450978812,Rural,National,1,High,National,Average,High,Downward,6
SHG_127,2010-08-31,13,Agriculture,59688,8813,5661,1431,Default,12,0.7231006104887718,Urban,National,8,Medium,Local,Good,Medium,Upward,7
SHG_128,2010-09-30,39,Agriculture,83509,15414,49843,9067,Paid,4,0.9029222663089165,Urban,Regional,9,Low,National,Poor,High,Stable,6
SHG_129,2010-10-31,46,Services,18577,12801,35137,4713,Default,8,0.5039822023727256,Urban,Local,8,Medium,None,Average,Low,Upward,2
SHG_130,2010-11-30,32,Handicrafts,18070,12745,47828,9557,Default,9,0.9622805276884024,Urban,Local,5,High,Local,Good,Medium,Stable,1
SHG_131,2010-12-31,48,Services,18666,14025,15526,9435,Default,5,0.7216532547585877,Urban,National,2,Medium,National,Good,Medium,Stable,3
SHG_132,2011-01-31,24,Agriculture,67761,4356,8374,4998,Pending,18,0.7766900939328738,Urban,Regional,0,Low,Local,Good,High,Upward,7
SHG_133,2011-02-28,38,Agriculture,46368,15288,30592,162,Default,11,0.6274411244574412,Rural,Regional,3,Medium,Local,Average,Medium,Upward,5
SHG_134,2011-03-31,45,Agriculture,16783,7540,33982,1974,Paid,15,0.8712654164202107,Rural,Regional,2,High,Local,Poor,Low,Stable,2
SHG_135,2011-04-30,22,Agriculture,51914,17422,5207,19675,Pending,9,0.5383179032376244,Urban,Regional,0,Medium,National,Poor,Low,Downward,6
SHG_136,2011-05-31,41,Agriculture,80507,4342,40433,8461,Paid,17,0.9363179012734176,Urban,Regional,2,High,None,Average,Low,Upward,6
SHG_137,2011-06-30,16,Agriculture,89026,10078,28197,17015,Default,12,0.9140584145031714,Urban,Local,3,High,Local,Poor,High,Stable,7
SHG_138,2011-07-31,31,Agriculture,77526,3844,38400,17289,Pending,7,0.6080300581223832,Urban,Local,7,Medium,None,Average,Medium,Stable,6
SHG_139,2011-08-31,37,Handicrafts,80835,11396,8083,2014,Paid,10,0.9046621991426311,Rural,Local,8,High,None,Poor,Medium,Downward,8
SHG_140,2011-09-30,11,Services,55765,18482,34328,9833,Default,10,0.8931788665307407,Urban,National,2,High,National,Good,Medium,Downward,5
SHG_141,2011-10-31,15,Agriculture,29956,19207,47891,7896,Paid,13,0.8161082988769746,Rural,Regional,5,Low,National,Poor,Low,Downward,3
SHG_142,2011-11-30,37,Handicrafts,97895,14998,25103,204,Paid,19,0.6867600884498437,Rural,National,9,Low,None,Average,Medium,Upward,9
SHG_143,2011-12-31,37,Handicrafts,56240,14261,44891,16965,Paid,11,0.6357493770909339,Urban,Regional,4,Low,Local,Average,Low,Stable,4
SHG_144,2012-01-31,29,Services,47148,4093,15754,9032,Default,13,0.615891795144675,Urban,Local,5,Low,National,Good,Medium,Stable,5
SHG_145,2012-02-29,39,Agriculture,14757,12722,39447,5347,Default,8,0.6593044813818036,Rural,National,3,High,Local,Average,Low,Stable,2
SHG_146,2012-03-31,20,Services,29097,12645,20901,2643,Paid,8,0.9517792217162652,Rural,Local,9,Medium,Local,Poor,Medium,Downward,4
SHG_147,2012-04-30,37,Agriculture,20395,16083,38004,8017,Pending,4,0.5388203879943907,Urban,Regional,5,High,Local,Poor,High,Stable,2
SHG_148,2012-05-31,34,Handicrafts,26241,1988,12446,18681,Pending,15,0.9144356381264793,Urban,Regional,6,High,None,Good,High,Upward,3
SHG_149,2012-06-30,48,Handicrafts,37696,7446,42211,17258,Default,11,0.6744450375209118,Urban,Regional,8,High,Local,Average,Low,Downward,3
SHG_150,2012-07-31,42,Handicrafts,80480,17335,34301,5560,Default,11,0.760799698005679,Rural,Local,9,Medium,None,Good,Low,Downward,7
SHG_151,2012-08-31,10,Handicrafts,56163,17133,31116,15892,Default,1,0.8972428168242453,Rural,Regional,6,Low,None,Poor,Medium,Downward,5
SHG_152,2012-09-30,36,Services,29816,2682,46323,14531,Default,17,0.9421882735114857,Urban,Local,5,High,Local,Good,Medium,Downward,2
SHG_153,2012-10-31,22,Agriculture,59840,6626,23752,17073,Default,15,0.6723907100363236,Rural,National,0,High,Local,Average,High,Upward,5
SHG_154,2012-11-30,12,Agriculture,62853,8424,37376,4000,Pending,6,0.7309217406375552,Rural,Regional,1,Low,Local,Good,Medium,Stable,5
SHG_155,2012-12-31,48,Services,34917,13857,21669,14289,Default,15,0.7072580324083961,Urban,Regional,0,High,Local,Average,Low,Upward,4
SHG_156,2013-01-31,15,Agriculture,31566,13155,37916,17055,Paid,9,0.5066255167519553,Urban,Regional,8,Medium,None,Average,Low,Stable,3
SHG_157,2013-02-28,17,Handicrafts,85452,18317,18395,7927,Paid,14,0.6479714444293283,Rural,National,9,High,Local,Poor,Low,Upward,8
SHG_158,2013-03-31,36,Agriculture,72823,12425,25421,15562,Pending,18,0.7295946168662809,Rural,Regional,9,High,Local,Poor,Low,Downward,6
SHG_159,2013-04-30,18,Handicrafts,30806,2980,31342,1171,Paid,17,0.7055468044402199,Urban,Local,8,Low,None,Poor,Low,Downward,3
SHG_160,2013-05-31,46,Services,85520,16522,9895,11918,Pending,18,0.8609646137578397,Urban,Local,6,High,National,Average,High,Upward,8
SHG_161,2013-06-30,42,Agriculture,11759,9984,16023,9135,Pending,5,0.6924018086105517,Urban,Regional,1,High,National,Good,High,Upward,2
SHG_162,2013-07-31,33,Services,51949,18175,15699,6342,Paid,9,0.7446882244853351,Urban,Regional,5,Medium,None,Average,Low,Stable,6
SHG_163,2013-08-31,24,Agriculture,12482,16883,14715,17833,Default,11,0.7148042960661817,Urban,National,3,Low,National,Poor,Medium,Upward,3
SHG_164,2013-09-30,41,Handicrafts,34442,6390,24169,11929,Paid,1,0.8703130744471852,Rural,National,0,Low,None,Poor,Low,Upward,3
SHG_165,2013-10-31,41,Services,43719,19639,21163,2539,Paid,18,0.9314861994934813,Rural,National,0,Medium,Local,Good,High,Stable,5
SHG_166,2013-11-30,33,Agriculture,68066,2607,10782,3959,Pending,6,0.7659445395037571,Rural,Regional,4,High,Local,Poor,Low,Stable,7
SHG_167,2013-12-31,21,Handicrafts,12079,7573,27641,13183,Paid,2,0.8947160970975956,Rural,National,1,Low,National,Poor,High,Stable,1
SHG_168,2014-01-31,48,Services,12717,18368,23792,5432,Pending,15,0.6483933410099253,Urban,National,3,Low,Local,Poor,High,Upward,2
SHG_169,2014-02-28,11,Services,69676,6776,40585,18745,Default,14,0.7706848050786343,Urban,Local,0,High,National,Good,Low,Stable,5
SHG_170,2014-03-31,12,Agriculture,37952,4676,35682,1753,Default,5,0.6726149768349863,Urban,National,3,High,National,Average,Low,Downward,3
SHG_171,2014-04-30,46,Agriculture,96444,4380,23880,18322,Default,6,0.7071004627859152,Rural,Local,5,Low,Local,Poor,Medium,Downward,8
SHG_172,2014-05-31,26,Agriculture,52460,9711,43067,10123,Paid,6,0.8662069324063343,Rural,Local,9,High,Local,Good,High,Downward,4
SHG_173,2014-06-30,11,Handicrafts,82847,9782,47685,16376,Pending,18,0.9408312411663564,Rural,National,3,Low,National,Poor,Medium,Upward,6
SHG_174,2014-07-31,11,Agriculture,99106,18434,23073,6588,Default,14,0.5607476955438827,Urban,Local,0,High,Local,Good,Low,Downward,9
SHG_175,2014-08-31,37,Services,28449,14997,41035,6304,Pending,10,0.8173196282436903,Rural,Regional,6,High,None,Poor,High,Upward,3
SHG_176,2014-09-30,32,Services,43536,7342,42174,7345,Pending,14,0.7910719037888992,Urban,Regional,1,Medium,Local,Good,Medium,Upward,3
SHG_177,2014-10-31,46,Agriculture,74077,18343,29837,15352,Default,13,0.559207519587966,Urban,National,8,High,Local,Poor,Medium,Downward,7
SHG_178,2014-11-30,41,Agriculture,48258,7059,22826,597,Default,3,0.6059471652200545,Urban,Regional,2,Medium,None,Average,Medium,Stable,5
SHG_179,2014-12-31,42,Services,58302,9884,29981,19446,Pending,6,0.6555012473663402,Urban,Local,7,High,Local,Poor,Low,Upward,5
SHG_180,2015-01-31,10,Handicrafts,38865,6655,15382,2336,Default,8,0.5834655354087508,Urban,Regional,7,Low,Local,Good,Low,Downward,4
SHG_181,2015-02-28,28,Agriculture,16645,13091,9437,9879,Pending,12,0.621864741262171,Urban,National,2,Low,National,Poor,Low,Upward,3
SHG_182,2015-03-31,11,Agriculture,48000,16251,10435,572,Pending,13,0.6338003994308538,Rural,National,3,High,Local,Average,High,Stable,6
SHG_183,2015-04-30,35,Services,36737,1526,29819,7521,Default,11,0.6678369165195298,Urban,Local,1,High,Local,Poor,Low,Stable,3
SHG_184,2015-05-31,41,Agriculture,21485,4224,41875,6171,Paid,12,0.8746952264005795,Urban,National,3,Low,None,Good,High,Downward,1
SHG_185,2015-06-30,15,Handicrafts,48565,16069,36982,18474,Default,1,0.7859561019253003,Rural,Regional,8,High,National,Good,Medium,Upward,4
SHG_186,2015-07-31,41,Services,35522,12536,38328,13992,Paid,17,0.9931233359757008,Urban,National,1,Medium,National,Average,Medium,Upward,3
SHG_187,2015-08-31,13,Agriculture,75155,14547,17329,11861,Pending,16,0.7073679134837355,Rural,Local,2,Medium,National,Good,Low,Upward,7
SHG_188,2015-09-30,20,Services,65168,19259,30169,12464,Pending,11,0.8769325369184625,Rural,National,3,Medium,Local,Poor,Medium,Upward,6
SHG_189,2015-10-31,26,Agriculture,62487,2763,26932,1633,Paid,13,0.9357342106882669,Rural,Regional,4,Medium,National,Poor,Low,Downward,5
SHG_190,2015-11-30,47,Agriculture,22342,9712,39594,17901,Pending,18,0.8394892465190209,Urban,Local,0,Medium,None,Poor,High,Stable,2
SHG_191,2015-12-31,33,Agriculture,50806,6797,16421,12485,Paid,11,0.705932370208748,Urban,Regional,6,High,National,Good,Medium,Downward,5
SHG_192,2016-01-31,14,Handicrafts,58770,10208,12629,10849,Paid,12,0.8767973153728765,Rural,Local,9,High,None,Poor,Low,Upward,6
SHG_193,2016-02-29,43,Handicrafts,88623,6109,13325,3648,Pending,6,0.6018335688863424,Urban,National,6,Medium,National,Poor,Medium,Upward,8
SHG_194,2016-03-31,15,Services,85629,17500,33495,15177,Paid,9,0.6637760825900663,Urban,Local,8,High,National,Poor,Medium,Stable,7
SHG_195,2016-04-30,31,Agriculture,62603,3433,36750,13140,Default,16,0.7733426275496444,Rural,Local,3,High,None,Average,Low,Upward,5
SHG_196,2016-05-31,20,Agriculture,91974,17967,34619,17921,Default,4,0.7877046936430742,Rural,National,5,Medium,National,Good,Medium,Downward,8
SHG_197,2016-06-30,25,Handicrafts,36399,5167,45461,14357,Pending,3,0.5110707377363147,Urban,Regional,1,High,National,Good,Medium,Downward,2
SHG_198,2016-07-31,42,Agriculture,95382,18773,13264,13368,Pending,16,0.9725570943780044,Rural,National,3,High,National,Good,Medium,Stable,9
SHG_199,2016-08-31,18,Handicrafts,91244,9357,17686,3137,Paid,12,0.848313635608695,Rural,Local,1,High,Local,Average,Medium,Downward,8
SHG_200,2016-09-30,15,Agriculture,86534,7154,29226,97,Paid,11,0.7478518751159455,Rural,National,9,Medium,None,Good,High,Downward,7
SHG_201,2016-10-31,25,Services,65106,9920,11721,11407,Paid,5,0.9665636172041542,Urban,Local,4,High,National,Average,Medium,Downward,6
SHG_202,2016-11-30,38,Agriculture,40678,19427,25609,12722,Paid,18,0.7195477826254142,Urban,National,6,Low,None,Average,Medium,Downward,4
SHG_203,2016-12-31,12,Agriculture,86218,18162,12373,12924,Default,19,0.9902177851351859,Urban,National,0,Low,None,Good,Low,Upward,8
SHG_204,2017-01-31,29,Handicrafts,73230,1213,43675,3750,Default,6,0.7561423786217425,Rural,Regional,9,Medium,None,Poor,High,Downward,5
SHG_205,2017-02-28,45,Agriculture,84055,4762,33937,8535,Pending,18,0.5571428849989897,Urban,Local,9,Low,National,Poor,Low,Stable,7
SHG_206,2017-03-31,28,Agriculture,66373,14399,10656,4666,Paid,6,0.8824004862296386,Rural,Regional,6,Medium,National,Good,Low,Stable,7
SHG_207,2017-04-30,35,Handicrafts,41480,10768,13984,16009,Paid,4,0.8394488625389203,Urban,Local,9,Low,None,Good,Low,Downward,4
SHG_208,2017-05-31,12,Services,95230,11640,34984,16994,Pending,12,0.8864933606527934,Urban,National,5,Low,Local,Average,High,Stable,7
SHG_209,2017-06-30,28,Services,78836,7731,13286,1727,Paid,19,0.9757210143628405,Rural,Local,5,Low,None,Good,Low,Downward,8
SHG_210,2017-07-31,29,Handicrafts,82258,6791,10901,1854,Paid,2,0.8882446513255091,Urban,Regional,7,Medium,Local,Average,Low,Stable,8
SHG_211,2017-08-31,41,Handicrafts,49986,16822,36552,10800,Paid,17,0.8056683011083234,Rural,Regional,7,Medium,None,Good,Low,Stable,4
SHG_212,2017-09-30,16,Handicrafts,34160,9783,30709,5055,Paid,11,0.9286544511804204,Urban,Regional,5,High,None,Poor,Medium,Downward,3
SHG_213,2017-10-31,42,Handicrafts,95595,14621,36055,10271,Paid,11,0.8366232196772658,Urban,Local,2,Medium,None,Poor,Low,Downward,8
SHG_214,2017-11-30,49,Handicrafts,89111,17019,42685,18708,Pending,16,0.7040595284129616,Rural,Regional,4,Low,National,Good,High,Upward,7
SHG_215,2017-12-31,48,Services,74929,3720,13429,12819,Paid,2,0.9428098821208866,Rural,Regional,1,Low,Local,Average,High,Downward,7
SHG_216,2018-01-31,27,Services,83506,9905,19716,9369,Pending,2,0.6109502303921864,Rural,Regional,4,Medium,Local,Poor,Medium,Downward,7
SHG_217,2018-02-28,49,Handicrafts,44911,10127,16138,9283,Paid,8,0.857320637454362,Urban,National,8,Medium,None,Average,High,Upward,5
SHG_218,2018-03-31,10,Agriculture,97127,17385,40298,13171,Default,13,0.9407817274703785,Urban,National,9,Medium,National,Good,High,Downward,8
SHG_219,2018-04-30,20,Handicrafts,41821,7368,28429,5774,Default,10,0.8656582598516481,Urban,Local,0,High,National,Good,Medium,Downward,4
SHG_220,2018-05-31,37,Agriculture,85039,15056,10772,6519,Default,8,0.8486377095269284,Rural,Local,9,Low,Local,Poor,Low,Upward,8
SHG_221,2018-06-30,34,Handicrafts,70535,13236,40732,10983,Default,4,0.876319147035918,Rural,Regional,4,High,National,Good,Medium,Downward,6
SHG_222,2018-07-31,32,Handicrafts,94458,19333,44905,18133,Pending,15,0.7325276241503222,Rural,National,5,High,Local,Poor,Low,Downward,7
SHG_223,2018-08-31,40,Services,22175,15451,22347,14939,Pending,1,0.9370853410785129,Urban,Regional,6,Low,Local,Average,Low,Upward,3
SHG_224,2018-09-30,39,Agriculture,64771,18301,21920,781,Paid,11,0.6017182375680457,Urban,Regional,8,Low,Local,Poor,High,Upward,7
SHG_225,2018-10-31,44,Agriculture,96925,11433,36822,16282,Default,7,0.5636932080001696,Rural,National,5,Medium,National,Poor,Medium,Stable,8
SHG_226,2018-11-30,16,Services,76358,16525,45108,6823,Pending,17,0.6427543900592558,Urban,National,4,Medium,Local,Average,High,Downward,6
SHG_227,2018-12-31,25,Services,27327,1089,28563,18489,Paid,18,0.7657886983874966,Rural,National,6,High,Local,Poor,High,Stable,2
SHG_228,2019-01-31,35,Services,57057,19093,12967,7193,Paid,12,0.755280897704669,Urban,Local,0,Medium,None,Poor,Low,Stable,6
SHG_229,2019-02-28,11,Services,16150,11361,16871,2113,Pending,9,0.9102993788382934,Urban,Local,4,Medium,Local,Good,High,Upward,3
SHG_230,2019-03-31,10,Agriculture,14425,17369,33763,16280,Default,5,0.7022843282020087,Rural,Regional,1,Low,Local,Average,Medium,Downward,2
SHG_231,2019-04-30,21,Agriculture,26032,4041,16916,13565,Paid,10,0.7421722131457543,Urban,Local,3,Low,None,Poor,High,Downward,3
SHG_232,2019-05-31,14,Handicrafts,12198,1105,13734,10183,Default,4,0.5066838416296978,Urban,National,6,Medium,None,Average,High,Upward,2
SHG_233,2019-06-30,46,Handicrafts,70500,10078,38613,17961,Default,5,0.7048696182214695,Rural,National,4,Low,National,Average,Low,Stable,5
SHG_234,2019-07-31,41,Services,63394,19279,33179,9203,Default,10,0.8238871164751711,Rural,Local,5,Medium,Local,Poor,Medium,Upward,6
SHG_235,2019-08-31,18,Services,30079,7090,40262,18658,Paid,11,0.5077541653132961,Urban,Regional,1,Low,National,Good,High,Downward,2
SHG_236,2019-09-30,44,Services,46220,7082,17677,15795,Default,10,0.6404409825931219,Rural,Regional,2,Low,National,Average,Low,Upward,4
SHG_237,2019-10-31,28,Handicrafts,51874,18018,23268,18810,Paid,8,0.603978179644695,Urban,Local,6,Low,None,Poor,High,Downward,5
SHG_238,2019-11-30,25,Handicrafts,23859,2925,17330,13489,Default,2,0.5209927144547941,Rural,Regional,1,Low,National,Average,Medium,Stable,3
SHG_239,2019-12-31,12,Handicrafts,60460,19440,25733,5546,Paid,8,0.7396300449572688,Urban,Regional,5,Medium,Local,Good,High,Downward,6
SHG_240,2020-01-31,29,Handicrafts,41419,7917,42947,6852,Default,16,0.5908616466140783,Urban,Regional,4,High,None,Good,High,Stable,3
SHG_241,2020-02-29,33,Handicrafts,18705,1552,32286,2551,Pending,5,0.8715407698156901,Rural,National,9,Low,Local,Good,Low,Stable,2
SHG_242,2020-03-31,42,Handicrafts,52880,4911,11610,6411,Default,3,0.9239639418816743,Urban,National,0,Medium,Local,Poor,High,Downward,5
SHG_243,2020-04-30,33,Handicrafts,33236,4389,11430,16391,Default,12,0.7727925913345739,Urban,Local,9,Medium,None,Poor,Low,Downward,4
SHG_244,2020-05-31,20,Services,97955,14629,44922,18939,Paid,13,0.9908536712605708,Rural,National,3,Low,Local,Good,Medium,Stable,7
SHG_245,2020-06-30,17,Services,95514,3430,18828,475,Paid,13,0.7252392857352976,Rural,Regional,1,High,None,Poor,High,Upward,8
SHG_246,2020-07-31,45,Services,25358,1458,47913,10403,Default,10,0.7566841051124578,Urban,National,3,Low,Local,Good,Medium,Downward,1
SHG_247,2020-08-31,47,Services,86918,14395,36497,7239,Pending,4,0.994608876978875,Rural,Local,0,Medium,None,Poor,Medium,Stable,7
SHG_248,2020-09-30,49,Handicrafts,24596,1207,44256,6710,Pending,9,0.6157742179825244,Rural,National,1,High,National,Good,High,Stable,1
SHG_249,2020-10-31,29,Agriculture,43572,1899,41618,8078,Paid,2,0.9712729698384526,Urban,Regional,7,Medium,Local,Average,Low,Upward,3
SHG_250,2020-11-30,44,Handicrafts,88757,12653,31526,2285,Pending,19,0.5214187775595567,Urban,Regional,5,Low,None,Good,Medium,Downward,8
SHG_251,2020-12-31,34,Agriculture,11279,17405,35158,5223,Default,1,0.7231934451315973,Rural,Local,1,High,Local,Good,Medium,Stable,2
SHG_252,2021-01-31,44,Services,73197,9601,30032,13521,Paid,7,0.5350017560665329,Rural,National,5,Medium,Local,Poor,High,Upward,6
SHG_253,2021-02-28,34,Handicrafts,72516,1894,42846,14889,Default,17,0.8646173714568215,Rural,National,9,Medium,Local,Poor,High,Stable,5
SHG_254,2021-03-31,38,Services,17083,1514,49936,6971,Paid,3,0.8042044679400089,Urban,National,8,Medium,None,Poor,High,Downward,1
SHG_255,2021-04-30,27,Handicrafts,27771,5109,34794,19909,Paid,3,0.8533171317337982,Urban,Regional,6,Low,National,Poor,High,Upward,2
SHG_256,2021-05-31,27,Services,39975,14258,10448,11531,Paid,3,0.6872401999840085,Urban,Local,8,High,National,Poor,High,Stable,5
SHG_257,2021-06-30,11,Agriculture,55648,16313,33861,14721,Paid,17,0.6847409670156901,Urban,National,4,Low,National,Poor,High,Upward,5
SHG_258,2021-07-31,44,Agriculture,58285,16349,33141,19206,Pending,7,0.5226596394804472,Urban,Regional,6,Low,None,Average,Low,Downward,5
SHG_259,2021-08-31,25,Agriculture,29063,8179,14074,4943,Default,14,0.6749724697648198,Urban,Regional,6,Low,National,Good,Medium,Upward,4
SHG_260,2021-09-30,45,Handicrafts,77642,11326,11406,6530,Default,17,0.9646442011310297,Urban,Regional,2,High,None,Good,Low,Downward,8
SHG_261,2021-10-31,42,Agriculture,96143,12787,36823,11116,Default,18,0.6896132685902245,Rural,National,6,Low,Local,Good,Low,Stable,8
SHG_262,2021-11-30,13,Handicrafts,47599,2560,28291,258,Paid,13,0.915683853110985,Rural,National,0,Low,Local,Average,High,Downward,4
SHG_263,2021-12-31,42,Agriculture,61920,14612,46568,282,Pending,18,0.921162752374967,Urban,National,8,Low,National,Good,Medium,Stable,5
SHG_264,2022-01-31,23,Agriculture,38529,18650,37003,13937,Default,4,0.6866205781896169,Urban,National,9,Low,None,Average,Low,Stable,4
SHG_265,2022-02-28,30,Handicrafts,45954,5780,39406,1898,Pending,1,0.8159943401980945,Urban,National,5,Medium,Local,Average,High,Downward,4
SHG_266,2022-03-31,29,Handicrafts,37856,19311,28312,4135,Paid,18,0.5476858011365293,Rural,National,4,Low,None,Average,High,Stable,4
SHG_267,2022-04-30,17,Agriculture,12573,12894,48108,6629,Default,1,0.5518392903671383,Urban,National,6,Medium,None,Good,Medium,Upward,1
SHG_268,2022-05-31,16,Handicrafts,88344,3356,6382,11168,Pending,13,0.5243288318308567,Rural,National,4,Low,Local,Average,Low,Stable,8
SHG_269,2022-06-30,12,Agriculture,45367,5790,39171,19584,Paid,10,0.7905075466875547,Rural,National,9,High,None,Good,Low,Downward,3
SHG_270,2022-07-31,26,Handicrafts,70774,17690,46779,612,Pending,11,0.7130354888130486,Rural,Regional,4,Medium,Local,Good,Low,Upward,6
SHG_271,2022-08-31,42,Services,33752,11181,8292,14203,Default,9,0.77401617833212,Rural,National,9,Medium,Local,Poor,High,Upward,4
SHG_272,2022-09-30,21,Services,65029,8057,46779,17071,Default,9,0.7605365952541939,Rural,Local,6,Medium,Local,Poor,Medium,Stable,4
SHG_273,2022-10-31,31,Services,27685,17082,38187,2307,Paid,5,0.6751014955453651,Urban,Regional,9,Medium,None,Average,Medium,Stable,3
SHG_274,2022-11-30,31,Services,61693,1661,17411,7133,Paid,1,0.8387367074117364,Urban,National,6,High,Local,Average,Low,Downward,6
SHG_275,2022-12-31,39,Services,65961,5644,42285,11205,Paid,17,0.8792509404581954,Rural,Local,2,Low,None,Good,High,Upward,5
SHG_276,2023-01-31,47,Agriculture,86908,16711,20422,5906,Pending,2,0.5073141294388379,Urban,National,2,Medium,Local,Average,Low,Downward,8
SHG_277,2023-02-28,47,Services,84532,3920,47468,2591,Pending,13,0.6036211498844392,Rural,Local,9,High,Local,Average,Medium,Stable,6
SHG_278,2023-03-31,17,Services,91994,17002,37371,15149,Pending,9,0.8566179340416684,Rural,Local,2,Medium,National,Good,High,Upward,7
SHG_279,2023-04-30,36,Services,66133,15025,10693,12150,Paid,4,0.693310086316917,Urban,Local,5,Low,National,Average,Low,Downward,7
SHG_280,2023-05-31,36,Services,71268,9946,38535,7183,Default,5,0.8312419734708041,Urban,Local,5,Medium,National,Average,Low,Downward,6
SHG_281,2023-06-30,43,Handicrafts,48243,13732,19818,10102,Default,11,0.6734813298672793,Urban,Regional,2,High,None,Good,High,Downward,5
SHG_282,2023-07-31,30,Agriculture,67384,7236,36238,19988,Pending,19,0.6953775761648185,Urban,Regional,2,Low,None,Good,Medium,Downward,5
SHG_283,2023-08-31,39,Services,41653,17309,35874,17053,Pending,3,0.5793394368448425,Urban,Local,7,High,Local,Poor,High,Downward,4
SHG_284,2023-09-30,42,Services,36657,14518,31715,1283,Default,12,0.6291155098330801,Rural,National,7,Low,Local,Good,Low,Upward,4
SHG_285,2023-10-31,37,Services,49952,1352,32605,923,Default,19,0.8027058787537936,Urban,Local,6,Low,Local,Poor,Low,Downward,4
SHG_286,2023-11-30,42,Agriculture,32180,8005,39317,1125,Pending,19,0.7165815556575832,Urban,Regional,9,Low,Local,Average,Low,Upward,3
SHG_287,2023-12-31,14,Handicrafts,88411,15036,36174,1529,Pending,13,0.8871513414722976,Urban,National,3,Medium,None,Good,Low,Downward,7
SHG_288,2024-01-31,28,Agriculture,11622,17542,14956,8438,Default,7,0.9262924774691714,Rural,Regional,3,High,Local,Good,Medium,Stable,3
SHG_289,2024-02-29,13,Handicrafts,58756,1956,43908,16154,Paid,15,0.77082320910838,Urban,Regional,2,High,Local,Good,Medium,Stable,4
SHG_290,2024-03-31,44,Services,50809,3071,15837,8004,Pending,7,0.8791336460280296,Rural,National,4,High,National,Average,Low,Downward,5
SHG_291,2024-04-30,26,Services,26725,9595,8716,9752,Default,8,0.653452256597285,Urban,Local,2,Low,Local,Poor,Medium,Stable,4
SHG_292,2024-05-31,37,Agriculture,71396,16140,9481,10592,Default,5,0.7074856077000391,Urban,Local,7,Medium,Local,Average,Medium,Upward,7
SHG_293,2024-06-30,39,Agriculture,61226,13803,29282,3864,Default,14,0.8563888381084155,Rural,Local,6,Low,Local,Average,Medium,Downward,6
SHG_294,2024-07-31,38,Handicrafts,91182,4453,11548,226,Default,4,0.6931059964085153,Urban,Local,2,High,None,Good,Low,Upward,8
SHG_295,2024-08-31,15,Handicrafts,92565,7675,42605,15036,Paid,10,0.7942524675794944,Urban,National,8,Medium,National,Poor,High,Downward,7
SHG_296,2024-09-30,44,Agriculture,39402,1955,12758,11739,Default,15,0.5926863895412557,Rural,National,4,Medium,Local,Average,High,Stable,4
SHG_297,2024-10-31,46,Handicrafts,14263,7295,48668,16648,Pending,18,0.799885657485249,Urban,National,8,Medium,Local,Good,High,Upward,1
SHG_298,2024-11-30,33,Agriculture,56828,16921,28177,9587,Paid,13,0.9307568536134467,Rural,Regional,6,High,National,Average,Low,Stable,5
SHG_299,2024-12-31,38,Handicrafts,57924,19096,29022,11749,Default,8,0.9343198199117129,Rural,National,6,Medium,Local,Average,Medium,Stable,5
SHG_300,2025-01-31,40,Agriculture,84182,16282,45761,645,Paid,9,0.8621722031647698,Rural,Local,5,Medium,None,Good,Medium,Downward,7
SHG_301,2025-02-28,44,Agriculture,69052,5703,10542,16299,Pending,16,0.8728766895380631,Rural,Regional,1,Low,Local,Good,Low,Upward,6
SHG_302,2025-03-31,42,Agriculture,21664,7563,30476,19374,Default,19,0.7789637225753503,Rural,Local,8,Low,None,Poor,Low,Stable,2
SHG_303,2025-04-30,30,Handicrafts,45737,13003,35784,13675,Pending,16,0.7923340450829124,Urban,Local,5,Medium,None,Average,High,Downward,4
SHG_304,2025-05-31,41,Handicrafts,99563,11817,27740,18888,Default,7,0.566825290705259,Urban,National,7,Medium,Local,Good,High,Downward,8
SHG_305,2025-06-30,32,Handicrafts,39373,12171,29817,10964,Default,14,0.7219295942106505,Urban,National,0,Low,National,Good,Low,Downward,4
SHG_306,2025-07-31,42,Agriculture,46397,13582,21052,16087,Default,14,0.7253881419431819,Rural,Local,4,Low,None,Poor,High,Stable,5
SHG_307,2025-08-31,12,Handicrafts,96145,13201,40153,13537,Default,4,0.9792489178338701,Rural,Local,0,Low,National,Poor,Medium,Downward,7
SHG_308,2025-09-30,27,Handicrafts,48709,18778,5671,13269,Default,15,0.7155434313116447,Rural,Regional,9,High,Local,Good,Low,Upward,6
SHG_309,2025-10-31,34,Agriculture,71120,13473,5163,9346,Paid,3,0.7746713224513788,Rural,National,7,High,None,Poor,Low,Upward,7
SHG_310,2025-11-30,40,Services,29250,10461,46424,587,Default,5,0.7666256996395513,Urban,Regional,7,Low,Local,Good,Medium,Stable,2
SHG_311,2025-12-31,12,Agriculture,31172,16596,49002,12763,Default,1,0.8183808585221636,Urban,Regional,0,Medium,National,Average,Medium,Upward,2
SHG_312,2026-01-31,49,Handicrafts,21555,1529,9795,9177,Paid,3,0.874116415665948,Rural,Regional,8,Low,Local,Poor,Medium,Downward,3
SHG_313,2026-02-28,33,Agriculture,97410,13765,15634,4079,Paid,15,0.6125209380854361,Rural,Local,1,High,Local,Average,High,Stable,9
SHG_314,2026-03-31,41,Services,88617,14910,9798,3348,Paid,8,0.7643622095492179,Urban,Regional,8,Medium,None,Average,Low,Downward,9
SHG_315,2026-04-30,31,Agriculture,63276,12561,27420,18099,Paid,4,0.9129588536580152,Rural,Regional,0,High,Local,Average,High,Stable,5
SHG_316,2026-05-31,32,Handicrafts,67492,10131,34300,10785,Paid,2,0.7315573569187557,Rural,Local,9,Medium,Local,Good,Medium,Stable,5
SHG_317,2026-06-30,11,Services,63002,1525,29345,12328,Paid,10,0.6392287731867865,Rural,National,8,High,Local,Average,High,Downward,5
SHG_318,2026-07-31,36,Handicrafts,99599,17385,15749,6450,Default,4,0.8273545376781495,Urban,National,3,Medium,None,Average,Medium,Upward,9
SHG_319,2026-08-31,11,Services,82355,1374,43595,13230,Default,3,0.9118836978995615,Urban,Regional,8,Medium,National,Average,High,Upward,6
SHG_320,2026-09-30,35,Services,34762,13197,30121,5433,Pending,2,0.5315701464636957,Rural,Local,6,Medium,National,Good,High,Stable,4
SHG_321,2026-10-31,26,Agriculture,21046,5648,42487,1098,Default,17,0.8883952417036136,Urban,National,5,Medium,Local,Average,Medium,Downward,2
SHG_322,2026-11-30,49,Agriculture,38769,3365,33411,7096,Default,13,0.9108239664808856,Rural,Regional,4,High,None,Average,High,Downward,3
SHG_323,2026-12-31,42,Handicrafts,63302,18909,38361,18710,Paid,5,0.7307614637943034,Rural,Regional,8,High,Local,Poor,Low,Stable,5
SHG_324,2027-01-31,18,Agriculture,33150,2646,26223,11439,Paid,9,0.9916528284092336,Urban,Local,1,Medium,National,Good,High,Upward,3
SHG_325,2027-02-28,48,Agriculture,78247,1013,12394,9087,Default,6,0.8933541703536545,Rural,Regional,1,Medium,None,Average,High,Downward,7
SHG_326,2027-03-31,38,Services,14853,5599,19056,16021,Pending,5,0.8868312824478328,Rural,National,8,High,National,Poor,Low,Upward,2
SHG_327,2027-04-30,35,Agriculture,99399,3278,33380,6416,Paid,10,0.873919287206036,Urban,Local,2,Medium,National,Good,Medium,Upward,8
SHG_328,2027-05-31,44,Services,31792,15296,31035,6980,Default,8,0.575304051609137,Rural,National,7,Medium,None,Good,Low,Stable,3
SHG_329,2027-06-30,34,Services,69129,4155,35620,18058,Default,7,0.6086154432265054,Rural,National,8,Medium,None,Good,High,Stable,5
SHG_330,2027-07-31,33,Services,84478,9321,24877,11101,Pending,7,0.7319950657322125,Rural,National,7,Low,Local,Good,Medium,Upward,7
SHG_331,2027-08-31,22,Handicrafts,77298,4814,48404,7950,Pending,6,0.6320021749797329,Urban,Regional,3,Medium,Local,Good,High,Downward,5
SHG_332,2027-09-30,16,Handicrafts,41987,14125,35911,9122,Paid,3,0.7076204861670202,Rural,Regional,0,Low,National,Good,High,Downward,4
SHG_333,2027-10-31,45,Handicrafts,25850,4216,37784,12576,Pending,19,0.9442320549614603,Urban,National,3,Medium,None,Average,Low,Stable,2
SHG_334,2027-11-30,29,Services,22112,3113,8191,1089,Default,15,0.9121634459396346,Rural,National,8,High,None,Average,Low,Upward,3
SHG_335,2027-12-31,10,Handicrafts,34058,11238,38160,4578,Default,4,0.815019939239991,Rural,Local,1,Low,Local,Average,Medium,Downward,3
SHG_336,2028-01-31,17,Handicrafts,55420,14760,30000,9127,Pending,12,0.9290601971255518,Rural,Local,2,Low,National,Average,Medium,Downward,5
SHG_337,2028-02-29,25,Agriculture,48890,13588,44040,10487,Pending,6,0.8918861945086246,Rural,Regional,9,Medium,National,Poor,Medium,Stable,4
SHG_338,2028-03-31,23,Handicrafts,76017,4374,8631,155,Pending,19,0.7144924659204452,Urban,Regional,7,Medium,Local,Average,High,Upward,7
SHG_339,2028-04-30,21,Handicrafts,57304,7430,11172,1958,Pending,4,0.6005325760249726,Urban,Local,5,Low,None,Good,Low,Downward,6
SHG_340,2028-05-31,32,Services,42921,12970,47080,10693,Paid,15,0.7571005200046697,Rural,National,7,High,Local,Average,Low,Stable,3
SHG_341,2028-06-30,24,Services,11524,1629,28561,6344,Pending,9,0.8681144412642751,Rural,Regional,6,High,Local,Average,Low,Downward,1
SHG_342,2028-07-31,37,Services,25048,17653,29817,5779,Paid,5,0.7182097993647965,Rural,National,4,Medium,Local,Good,Medium,Downward,3
SHG_343,2028-08-31,43,Services,45111,11831,25281,3830,Default,13,0.8333859548919487,Rural,Local,8,High,Local,Average,Low,Downward,5
SHG_344,2028-09-30,11,Services,47904,6724,33671,9046,Pending,18,0.5471637131455218,Rural,Regional,3,High,None,Average,Low,Stable,4
SHG_345,2028-10-31,41,Services,64912,12083,30364,9794,Paid,5,0.8740023681857017,Rural,Regional,5,Medium,Local,Average,Low,Upward,6
SHG_346,2028-11-30,32,Handicrafts,44008,14149,46674,441,Pending,16,0.906356809946531,Rural,Local,1,High,None,Poor,Medium,Stable,4
SHG_347,2028-12-31,31,Services,10060,10472,32425,14478,Default,19,0.8534189278902706,Rural,Regional,1,Medium,Local,Average,Low,Upward,1
SHG_348,2029-01-31,34,Services,84666,7276,33602,4628,Default,14,0.9836317937631828,Urban,Local,1,Low,National,Good,Medium,Downward,7
SHG_349,2029-02-28,31,Agriculture,93559,16635,28253,6370,Default,16,0.9133260287303202,Urban,Regional,9,Medium,None,Good,Low,Upward,8
SHG_350,2029-03-31,31,Handicrafts,65337,6895,28472,9528,Pending,15,0.9515468639382691,Urban,Local,6,Low,National,Average,Low,Downward,5
SHG_351,2029-04-30,15,Handicrafts,23350,14994,13080,17332,Pending,4,0.966785541728824,Rural,Regional,1,Low,Local,Average,Low,Downward,3
SHG_352,2029-05-31,24,Handicrafts,34354,11552,12099,11565,Paid,7,0.9006739959369043,Rural,National,1,High,Local,Average,Medium,Stable,4
SHG_353,2029-06-30,46,Services,55186,17959,30431,8179,Default,16,0.8371294210032496,Rural,National,8,High,Local,Good,Medium,Downward,5
SHG_354,2029-07-31,42,Services,38145,7099,36186,16013,Pending,8,0.5028592906803946,Urban,National,6,High,None,Good,Low,Stable,3
SHG_355,2029-08-31,17,Services,44020,10499,35111,16843,Default,17,0.7329128766115623,Rural,Regional,2,Medium,National,Poor,High,Upward,4
SHG_356,2029-09-30,14,Agriculture,96123,4178,44851,392,Default,16,0.7855811493111805,Urban,Regional,2,High,None,Poor,Medium,Upward,7
SHG_357,2029-10-31,48,Services,85186,7116,27614,12130,Paid,10,0.6520151362239999,Rural,National,6,Low,None,Poor,Medium,Downward,7
SHG_358,2029-11-30,13,Agriculture,95469,16563,31724,18171,Paid,10,0.659052223451736,Urban,National,4,High,Local,Good,Low,Stable,8
SHG_359,2029-12-31,15,Handicrafts,30581,4568,46991,10449,Paid,2,0.9805797078550826,Urban,Local,9,High,National,Poor,High,Downward,2
SHG_360,2030-01-31,41,Services,98929,10847,9940,17522,Paid,9,0.945855432601373,Urban,Local,5,Medium,Local,Average,Low,Stable,9
SHG_361,2030-02-28,39,Agriculture,33051,15135,33758,7418,Default,17,0.9245895027508522,Rural,Local,7,Medium,None,Average,Medium,Stable,3
SHG_362,2030-03-31,44,Agriculture,61474,19587,41224,2454,Paid,11,0.7030059008530554,Urban,National,8,Low,Local,Good,Medium,Stable,5
SHG_363,2030-04-30,49,Services,79626,18774,12788,17761,Paid,10,0.5068492752044573,Rural,National,0,Medium,National,Poor,Low,Upward,8
SHG_364,2030-05-31,25,Handicrafts,16960,2742,33082,15223,Paid,17,0.540111123227857,Rural,National,2,High,Local,Average,Low,Stable,1
SHG_365,2030-06-30,22,Handicrafts,45772,19309,29034,6701,Paid,4,0.6560981841088018,Rural,Local,6,Medium,National,Good,High,Upward,5
SHG_366,2030-07-31,39,Handicrafts,31520,1619,40479,2597,Default,16,0.5078714564978385,Rural,Regional,5,Low,National,Poor,High,Stable,2
SHG_367,2030-08-31,28,Agriculture,59481,18658,16280,141,Paid,15,0.5085748909575991,Rural,National,6,High,Local,Average,Medium,Upward,6
SHG_368,2030-09-30,26,Agriculture,46408,18340,23052,2659,Default,5,0.9583016508212054,Urban,Regional,7,Low,None,Poor,High,Upward,5
SHG_369,2030-10-31,28,Agriculture,67134,2939,21531,9031,Pending,6,0.8530792510595271,Rural,Regional,5,Medium,Local,Good,High,Upward,6
SHG_370,2030-11-30,37,Agriculture,30491,17001,27804,15037,Default,17,0.6544779950340763,Rural,Regional,2,Medium,None,Poor,Medium,Downward,3
SHG_371,2030-12-31,35,Handicrafts,11341,1968,33903,13970,Default,1,0.5663222888004766,Rural,Local,1,Low,None,Good,Medium,Stable,1
SHG_372,2031-01-31,46,Services,54623,15846,49857,5661,Paid,19,0.7558178589475386,Rural,Regional,6,High,Local,Poor,Medium,Downward,4
SHG_373,2031-02-28,35,Agriculture,10338,1281,15142,6142,Pending,4,0.5026730804271822,Rural,National,0,Medium,None,Average,Medium,Stable,2
SHG_374,2031-03-31,32,Agriculture,81431,16360,14866,12109,Pending,17,0.9692068719290721,Urban,Local,2,Medium,None,Good,Low,Stable,8
SHG_375,2031-04-30,18,Handicrafts,22254,7262,9531,8787,Pending,9,0.7074075596944736,Urban,National,3,High,Local,Good,Medium,Downward,3
SHG_376,2031-05-31,21,Services,61860,2058,43098,10096,Pending,2,0.7011674776186664,Rural,National,0,Medium,Local,Good,Medium,Upward,4
SHG_377,2031-06-30,10,Services,21344,11724,43278,8472,Default,8,0.6952968037908911,Urban,Local,4,Low,Local,Poor,Medium,Stable,2
SHG_378,2031-07-31,10,Handicrafts,11750,6178,33138,16807,Pending,15,0.5346641651938824,Urban,National,9,Medium,None,Poor,High,Upward,1
SHG_379,2031-08-31,43,Handicrafts,64756,7980,32065,4249,Default,7,0.8191611198959132,Rural,National,2,Medium,National,Average,Medium,Downward,5
SHG_380,2031-09-30,41,Services,77957,10200,34956,14949,Default,6,0.8665018098141767,Urban,Local,1,High,None,Good,Low,Upward,6
SHG_381,2031-10-31,34,Agriculture,68053,2229,46732,1750,Default,1,0.8380626987941451,Rural,National,2,Low,National,Good,Low,Stable,5
SHG_382,2031-11-30,49,Services,80855,9467,44261,18351,Pending,15,0.5692177466646972,Urban,Regional,7,High,Local,Poor,Medium,Stable,6
SHG_383,2031-12-31,10,Handicrafts,25896,3289,15759,4088,Paid,7,0.7894200840177963,Urban,National,5,Medium,National,Poor,Low,Stable,3
SHG_384,2032-01-31,25,Agriculture,65761,2239,10439,15282,Paid,17,0.784742242086127,Urban,Regional,6,Medium,Local,Average,High,Downward,6
SHG_385,2032-02-29,48,Agriculture,72552,6370,47533,19330,Pending,2,0.934205393970691,Rural,National,5,High,Local,Average,Medium,Stable,5
SHG_386,2032-03-31,14,Handicrafts,87454,17170,33270,9641,Paid,9,0.6895638291878234,Urban,Local,5,High,National,Poor,Low,Downward,7
SHG_387,2032-04-30,31,Handicrafts,37935,1125,18279,5075,Paid,9,0.6857429718297171,Urban,Local,2,High,Local,Good,Low,Upward,4
SHG_388,2032-05-31,38,Handicrafts,47641,13504,44279,10412,Default,13,0.8092635293590928,Rural,National,7,Low,National,Average,Medium,Stable,4
SHG_389,2032-06-30,12,Services,39711,16398,49251,15686,Default,6,0.8165363267497565,Rural,Local,6,Medium,Local,Poor,Low,Stable,3
SHG_390,2032-07-31,21,Services,80342,7638,28888,7230,Pending,6,0.7346426136628952,Urban,National,6,High,None,Poor,Medium,Stable,7
SHG_391,2032-08-31,35,Agriculture,22182,7570,22630,15432,Pending,3,0.7215296811652105,Rural,Local,5,Medium,None,Good,Low,Upward,2
SHG_392,2032-09-30,25,Handicrafts,97833,4249,40144,11002,Paid,17,0.7470738353189413,Urban,Regional,4,Low,Local,Poor,High,Stable,7
SHG_393,2032-10-31,46,Agriculture,66276,10110,36182,13947,Default,17,0.9305226497516559,Urban,National,9,Low,Local,Poor,Low,Downward,5
SHG_394,2032-11-30,31,Agriculture,29541,8595,30538,13686,Pending,12,0.7305834506269551,Rural,Regional,7,Low,National,Average,Low,Upward,3
SHG_395,2032-12-31,38,Agriculture,92310,14605,16824,17915,Pending,16,0.9699658959849112,Rural,Regional,4,Low,None,Poor,Medium,Upward,8
SHG_396,2033-01-31,23,Agriculture,54813,13115,37125,13074,Pending,15,0.7520018817981631,Rural,National,8,Medium,National,Poor,Low,Upward,4
SHG_397,2033-02-28,37,Handicrafts,47198,7294,11979,19374,Pending,13,0.9746003465904457,Urban,Regional,8,Low,Local,Average,Medium,Upward,5
SHG_398,2033-03-31,14,Agriculture,18820,6757,31189,4493,Pending,1,0.9164159509345379,Rural,National,0,Low,Local,Good,High,Upward,2
SHG_399,2033-04-30,39,Handicrafts,34070,13595,47600,17317,Pending,17,0.6812156613079146,Urban,Regional,5,High,National,Good,Medium,Downward,2
SHG_400,2033-05-31,14,Handicrafts,79768,2969,17504,1460,Paid,3,0.9318207106483081,Rural,National,6,Low,Local,Average,Medium,Upward,7
SHG_401,2033-06-30,21,Services,21122,11985,25669,14140,Default,15,0.5550316421005577,Urban,National,2,High,None,Average,Low,Stable,2
SHG_402,2033-07-31,25,Handicrafts,90559,18275,11910,19107,Default,4,0.9625235876715073,Rural,Local,6,Low,National,Good,High,Upward,9
SHG_403,2033-08-31,35,Services,83543,5470,39964,10704,Pending,4,0.8158217575414458,Urban,National,6,Low,None,Good,Medium,Upward,6
SHG_404,2033-09-30,35,Handicrafts,93441,11225,25131,16669,Default,18,0.5271953742611556,Rural,National,1,High,None,Good,Low,Upward,8
SHG_405,2033-10-31,30,Handicrafts,51786,10556,30227,16648,Default,17,0.8221283618254058,Urban,Regional,6,Low,None,Good,Low,Upward,4
SHG_406,2033-11-30,48,Handicrafts,16737,10206,10978,6816,Default,19,0.9871238270723781,Rural,National,0,Medium,National,Good,Medium,Upward,3
SHG_407,2033-12-31,45,Services,46062,10991,26991,11639,Pending,11,0.5349003273073145,Rural,Local,4,Medium,Local,Average,Low,Downward,4
SHG_408,2034-01-31,42,Services,64237,8519,22153,14424,Pending,3,0.7773438548900431,Urban,Regional,8,Low,None,Poor,Medium,Downward,6
SHG_409,2034-02-28,39,Agriculture,61571,14669,38548,13965,Default,8,0.8738971748796862,Rural,Regional,6,Medium,None,Good,Medium,Upward,5
SHG_410,2034-03-31,46,Services,35510,5612,47676,18146,Default,14,0.9051292933497657,Urban,Local,6,High,None,Good,Medium,Downward,2
SHG_411,2034-04-30,32,Services,29426,13373,44071,11240,Pending,1,0.7069137326603979,Urban,Regional,1,Low,Local,Poor,High,Stable,2
SHG_412,2034-05-31,19,Services,47265,18582,8983,40,Paid,14,0.6020832795841216,Rural,Regional,7,Low,Local,Poor,Medium,Upward,6
SHG_413,2034-06-30,14,Services,27850,16552,14503,5827,Default,2,0.521171139386192,Urban,Regional,2,High,National,Poor,Low,Stable,4
SHG_414,2034-07-31,45,Agriculture,76150,15646,34921,8259,Paid,4,0.7898630785486124,Rural,Regional,7,High,Local,Poor,High,Stable,6
SHG_415,2034-08-31,43,Services,97312,6238,21905,17371,Default,19,0.7264555351338053,Rural,Local,2,High,National,Poor,Low,Upward,8
SHG_416,2034-09-30,40,Handicrafts,99613,16577,28953,14849,Paid,6,0.9743721975748555,Urban,Local,9,Low,National,Poor,High,Stable,8
SHG_417,2034-10-31,19,Handicrafts,84910,16504,31806,16232,Paid,1,0.5303024538574549,Rural,Regional,6,High,National,Average,High,Stable,7
SHG_418,2034-11-30,28,Services,62375,4719,27168,7804,Paid,17,0.8426976717230028,Urban,Regional,1,High,National,Poor,High,Stable,5
SHG_419,2034-12-31,41,Services,45435,1302,9583,19582,Pending,8,0.5124831110600285,Urban,Local,3,Medium,National,Poor,High,Upward,4
SHG_420,2035-01-31,10,Handicrafts,67132,13144,43714,5374,Paid,19,0.5857170883552714,Rural,Local,5,Medium,None,Average,Low,Upward,5
SHG_421,2035-02-28,14,Handicrafts,88945,18370,44896,2524,Paid,1,0.7267894999614171,Rural,Local,8,Low,Local,Poor,Medium,Stable,7
SHG_422,2035-03-31,13,Agriculture,92050,11055,16889,9277,Paid,5,0.727436221401434,Urban,Regional,4,Medium,None,Good,Low,Upward,8
SHG_423,2035-04-30,25,Handicrafts,12983,5440,32413,18863,Default,16,0.842850271466822,Urban,Regional,8,Medium,National,Good,Medium,Upward,1
SHG_424,2035-05-31,33,Handicrafts,30662,4072,17275,9885,Paid,6,0.9551065174338783,Rural,National,4,High,Local,Poor,Low,Stable,3
SHG_425,2035-06-30,25,Services,33510,14598,7461,778,Default,8,0.8195160794574604,Rural,Local,9,High,None,Average,High,Upward,5
SHG_426,2035-07-31,11,Handicrafts,88187,15287,19291,1492,Paid,13,0.9767675489257543,Rural,Regional,7,Medium,None,Good,High,Downward,8
SHG_427,2035-08-31,37,Agriculture,50998,14965,16435,17044,Paid,16,0.9408078199389989,Rural,Local,0,Medium,National,Average,Medium,Upward,5
SHG_428,2035-09-30,41,Handicrafts,66846,10519,32935,17732,Pending,3,0.7922498977653951,Urban,Regional,6,Medium,None,Good,Medium,Downward,5
SHG_429,2035-10-31,36,Services,16640,14380,38453,13615,Default,19,0.9168959754594137,Rural,Local,3,Low,None,Poor,Low,Stable,2
SHG_430,2035-11-30,29,Services,54547,12865,23544,12132,Paid,12,0.821288805161817,Urban,Regional,4,Low,None,Average,Medium,Upward,5
SHG_431,2035-12-31,33,Handicrafts,64620,9125,17258,10178,Default,16,0.5392789154618636,Urban,National,5,Low,None,Average,Low,Stable,6
SHG_432,2036-01-31,21,Services,25317,4291,35841,7851,Default,11,0.870282361629755,Rural,National,4,Medium,None,Average,Medium,Stable,2
SHG_433,2036-02-29,44,Agriculture,17564,5033,15736,16288,Pending,10,0.5474542206336731,Urban,Local,0,Medium,National,Good,Medium,Stable,2
SHG_434,2036-03-31,42,Agriculture,37345,6105,42643,7156,Pending,4,0.7970413902848562,Rural,Regional,8,Low,National,Good,Medium,Stable,3
SHG_435,2036-04-30,42,Handicrafts,89273,18087,48950,2044,Pending,12,0.8513201029291144,Urban,Regional,1,Low,None,Good,High,Stable,7
SHG_436,2036-05-31,46,Handicrafts,84859,9133,39964,7368,Pending,2,0.5332638041054276,Rural,Local,8,Medium,National,Poor,High,Upward,7
SHG_437,2036-06-30,21,Handicrafts,90765,17958,33044,19900,Pending,19,0.6153973269632659,Urban,Regional,9,High,National,Good,Low,Downward,7
SHG_438,2036-07-31,12,Services,84038,6704,44933,13635,Pending,5,0.9578361161308249,Urban,Local,1,Low,Local,Poor,Medium,Upward,6
SHG_439,2036-08-31,10,Agriculture,62393,8848,20997,9168,Pending,8,0.8081572461164481,Rural,Regional,8,Medium,None,Average,Low,Upward,6
SHG_440,2036-09-30,42,Agriculture,76081,13975,19215,17111,Pending,7,0.6231430094052658,Rural,Local,5,Medium,National,Average,Medium,Upward,7
SHG_441,2036-10-31,49,Services,39430,7924,38069,11328,Paid,14,0.8453398855740033,Urban,Regional,8,High,National,Poor,High,Upward,3
SHG_442,2036-11-30,19,Agriculture,85532,1488,28911,13319,Default,3,0.7983882099808448,Urban,Local,5,Medium,None,Good,High,Downward,7
SHG_443,2036-12-31,38,Handicrafts,37788,8114,22030,342,Pending,18,0.7507878499589742,Rural,Regional,5,Medium,Local,Poor,Medium,Upward,4
SHG_444,2037-01-31,22,Handicrafts,58543,16740,34334,1447,Pending,16,0.9880934874940419,Urban,National,1,Low,None,Average,Medium,Stable,5
SHG_445,2037-02-28,21,Handicrafts,23919,4173,19571,6581,Default,19,0.8417268887037545,Rural,Regional,7,Low,Local,Average,High,Upward,3
SHG_446,2037-03-31,40,Agriculture,79346,2667,47719,11851,Paid,19,0.6877205548339563,Urban,Local,2,High,None,Poor,High,Upward,5
SHG_447,2037-04-30,11,Handicrafts,49974,5114,33927,6317,Default,18,0.9000367160384339,Rural,National,6,High,None,Good,Low,Downward,4
SHG_448,2037-05-31,44,Services,26371,4553,25714,16910,Default,16,0.9422916464605939,Urban,Regional,4,Medium,None,Good,High,Downward,2
SHG_449,2037-06-30,32,Services,55084,8761,48541,10088,Pending,8,0.5626102797584157,Rural,National,2,Low,None,Poor,Medium,Stable,4
SHG_450,2037-07-31,26,Agriculture,39629,2000,28387,12946,Default,1,0.6002764889226333,Rural,Regional,0,High,Local,Poor,Low,Upward,3
SHG_451,2037-08-31,35,Services,61184,16638,33444,16789,Default,17,0.6081135045638899,Urban,National,7,High,Local,Good,Medium,Upward,5
SHG_452,2037-09-30,17,Services,71916,18772,24921,14567,Pending,12,0.8456059046932702,Rural,Local,2,High,National,Average,Low,Upward,7
SHG_453,2037-10-31,38,Agriculture,83972,6450,18057,14868,Pending,11,0.8015197775266416,Urban,Regional,1,Medium,None,Poor,Medium,Stable,7
SHG_454,2037-11-30,35,Handicrafts,72187,4712,29858,9765,Pending,5,0.8094957823492941,Rural,Regional,0,Low,Local,Good,High,Downward,6
SHG_455,2037-12-31,19,Handicrafts,22984,2367,49638,12466,Pending,12,0.9703866498447504,Rural,Local,3,High,Local,Good,Medium,Stable,1
SHG_456,2038-01-31,35,Handicrafts,43039,9189,31062,18230,Default,17,0.887955766403653,Rural,National,7,Low,Local,Average,Low,Upward,4
SHG_457,2038-02-28,43,Agriculture,95431,10013,41850,17862,Default,6,0.5639684622558916,Urban,Local,2,High,None,Average,Medium,Downward,7
SHG_458,2038-03-31,16,Services,93691,17838,25567,10587,Paid,1,0.6737535412125906,Rural,Local,0,High,National,Average,Low,Downward,8
SHG_459,2038-04-30,13,Handicrafts,68606,4726,34739,771,Paid,5,0.7176968230878678,Urban,National,3,Low,Local,Average,Medium,Stable,6
SHG_460,2038-05-31,20,Handicrafts,20616,5806,48285,16300,Default,14,0.6979807943738024,Rural,Local,8,Low,None,Average,High,Downward,1
SHG_461,2038-06-30,38,Agriculture,60072,3190,8754,8770,Paid,5,0.8346543045809396,Urban,Regional,0,Low,Local,Poor,High,Downward,6
SHG_462,2038-07-31,45,Handicrafts,34574,10108,32044,11093,Default,1,0.9459465516282812,Urban,Regional,1,Medium,Local,Good,Medium,Upward,3
SHG_463,2038-08-31,34,Agriculture,13430,13178,6724,13803,Paid,18,0.653025731761394,Urban,Regional,8,High,National,Poor,Medium,Upward,3
SHG_464,2038-09-30,30,Services,22676,3875,6376,193,Pending,16,0.7759385682105928,Rural,Local,1,Medium,Local,Poor,Medium,Downward,3
SHG_465,2038-10-31,45,Agriculture,20816,6592,13706,2007,Paid,9,0.8947047109567928,Urban,Regional,2,Low,Local,Poor,Low,Downward,3
SHG_466,2038-11-30,19,Agriculture,42733,18824,13894,17569,Pending,19,0.7081090294226746,Rural,Regional,6,High,None,Poor,Medium,Stable,5
SHG_467,2038-12-31,46,Agriculture,95680,13592,23037,18778,Pending,5,0.5840590641996479,Urban,Regional,2,Medium,None,Poor,Medium,Stable,8
SHG_468,2039-01-31,18,Agriculture,12050,9927,23450,11190,Pending,2,0.7374754826318741,Urban,Regional,8,High,National,Average,Low,Downward,2
SHG_469,2039-02-28,33,Services,43933,15437,21406,9984,Pending,15,0.5276112603715142,Urban,Regional,5,Medium,None,Average,High,Upward,5
SHG_470,2039-03-31,44,Services,34951,12530,34725,9302,Paid,7,0.9711917270011384,Urban,Regional,2,Low,None,Good,Medium,Downward,3
SHG_471,2039-04-30,44,Handicrafts,42413,8010,10926,7429,Default,4,0.5374106025974865,Rural,Local,8,Medium,National,Poor,Medium,Downward,5
SHG_472,2039-05-31,45,Services,44801,12207,44019,2261,Pending,1,0.7192283576252891,Urban,Regional,0,High,Local,Good,High,Upward,4
SHG_473,2039-06-30,27,Services,65619,3989,14496,6716,Paid,13,0.7649406305442631,Urban,Regional,9,High,National,Average,High,Upward,6
SHG_474,2039-07-31,48,Handicrafts,42913,13040,41068,8921,Pending,7,0.9926519161436427,Rural,National,2,High,None,Average,Low,Stable,4
SHG_475,2039-08-31,41,Services,50600,10218,34806,4378,Paid,15,0.5830109118214304,Urban,Local,0,High,National,Average,Medium,Stable,4
SHG_476,2039-09-30,33,Agriculture,67775,7471,27663,7815,Paid,14,0.5572157593061793,Urban,Local,1,Low,Local,Poor,Medium,Stable,6
SHG_477,2039-10-31,32,Agriculture,45400,3863,46321,13778,Paid,19,0.5043530735312718,Urban,Local,7,Medium,National,Poor,Low,Stable,3
SHG_478,2039-11-30,41,Handicrafts,14494,11693,41495,19835,Default,18,0.5777857184346511,Urban,Local,6,Low,None,Average,High,Upward,1
SHG_479,2039-12-31,46,Handicrafts,90688,2177,27656,12728,Paid,10,0.6036364895338338,Rural,Regional,1,Low,None,Good,Low,Downward,7
SHG_480,2040-01-31,21,Handicrafts,99431,5760,30860,10332,Paid,9,0.8152904707915462,Rural,Regional,1,Low,National,Good,High,Stable,8
SHG_481,2040-02-29,22,Agriculture,84691,1011,21832,9836,Default,8,0.6098533951957001,Urban,National,8,High,Local,Average,Low,Stable,7
SHG_482,2040-03-31,32,Services,53001,17353,43787,2800,Default,10,0.5102604073646626,Rural,National,5,High,National,Good,High,Upward,4
SHG_483,2040-04-30,34,Agriculture,77364,12556,26727,8333,Paid,17,0.9133091727512443,Rural,Local,4,High,Local,Average,Low,Upward,7
SHG_484,2040-05-31,44,Handicrafts,55028,12563,47815,5410,Default,2,0.6827978505019834,Urban,National,9,Medium,Local,Good,High,Downward,4
SHG_485,2040-06-30,39,Services,47573,15051,34545,17839,Pending,6,0.6768483432903669,Rural,National,5,High,National,Average,High,Downward,4
SHG_486,2040-07-31,26,Services,10806,12022,49522,5808,Pending,5,0.6512395145839633,Urban,Local,8,Medium,Local,Good,High,Upward,1
SHG_487,2040-08-31,29,Agriculture,66638,9234,7520,6796,Default,9,0.9876866385732104,Rural,Local,6,High,None,Poor,High,Stable,7
SHG_488,2040-09-30,34,Handicrafts,39757,17173,8081,10288,Default,5,0.5850577086546407,Rural,National,9,High,National,Average,High,Stable,5
SHG_489,2040-10-31,31,Agriculture,44636,14178,39196,17709,Paid,18,0.9491190319766176,Rural,Regional,9,Low,Local,Average,Medium,Stable,4
SHG_490,2040-11-30,22,Services,90097,7570,41735,17543,Default,9,0.888401666069944,Urban,National,8,Low,None,Good,High,Downward,7
SHG_491,2040-12-31,28,Agriculture,58280,1406,44213,4650,Paid,17,0.5382399777496565,Rural,National,3,Low,National,Average,Medium,Stable,4
SHG_492,2041-01-31,45,Agriculture,34262,10206,19566,4987,Pending,17,0.9933645507504243,Urban,Regional,1,Medium,None,Average,High,Stable,4
SHG_493,2041-02-28,21,Handicrafts,90435,5431,19042,15200,Default,12,0.6356829817695053,Urban,Regional,7,Medium,None,Average,Medium,Upward,8
SHG_494,2041-03-31,28,Handicrafts,72211,7542,30498,4697,Paid,7,0.5492914635112062,Rural,Local,3,High,None,Poor,Medium,Stable,6
SHG_495,2041-04-30,21,Services,64842,9906,16329,16724,Paid,3,0.9146571170628797,Urban,Local,8,Medium,Local,Poor,Low,Upward,6
SHG_496,2041-05-31,18,Agriculture,66979,5146,36656,3828,Pending,10,0.85333776683885,Rural,National,3,High,National,Good,High,Stable,5
SHG_497,2041-06-30,16,Agriculture,91470,13046,7159,18352,Default,2,0.8086094029389503,Urban,Regional,7,Medium,National,Poor,Low,Downward,9
SHG_498,2041-07-31,37,Agriculture,48197,13611,42900,17087,Pending,3,0.5779904318494666,Urban,Local,8,Medium,Local,Good,Low,Stable,4
SHG_499,2041-08-31,23,Services,51844,14076,24363,12605,Paid,16,0.739248058127981,Rural,National,8,Medium,National,Poor,High,Stable,5
